feature,spearman_rho,p_value,fdr_significant,mutual_info
week,-0.3621577486204263,3.2541380269555873e-83,True,0.2191501184980298
ghi_max_w0,0.3197947938045951,2.7438004231711974e-64,True,0.20005487910224828
dewpt_min_l1,0.3186705390427434,8.749706621312855e-59,True,0.20025302160221226
dewpt_mean_l1,0.3186705390427434,8.749706621312855e-59,True,0.19114707897486194
dewpt_max_l1,0.31498843799528875,2.0976249562233886e-57,True,0.18368278710017205
dhi_max_w0,0.29790595194691505,1.2408827583807441e-55,True,0.14251793749602726
ghi_mean_w0,0.25914543641724497,4.623655316537578e-42,True,0.24011113846649712
dhi_mean_w0,0.2554242648342881,7.149592426354208e-41,True,0.23686107536191692
temp_mean_l1,0.26571450046140344,9.340079592763408e-41,True,0.20621523320943203
ghi_max_l2,0.275312940898688,4.652845648147263e-40,True,0.17136551655027232
temp_max_l1,0.26174484288293026,1.477855972349101e-39,True,0.204432522973514
dewpt_max_w0,0.23447865248683364,1.5490283462553997e-34,True,0.21415823042436477
temp_min_l1,0.24169138795861786,8.274513014899508e-34,True,0.1659681976074574
dhi_max_l2,0.252010106263817,1.2388118362536976e-33,True,0.1411724582018976
dewpt_min_w0,0.22824183698181064,9.137869806095727e-33,True,0.2249213270574748
dewpt_mean_w0,0.22824183698181064,9.137869806095727e-33,True,0.21490132879535806
ghi_min_w0,0.22367306550744898,1.6782239165468114e-31,True,0.2054981285149471
ghi_mean_l2,0.2432133628397116,2.25187006232892e-31,True,0.14837099291551992
dhi_min_w0,0.21689922590841568,1.1161071163721656e-29,True,0.1626768152119833
ghi_max_l1,0.21852975307244443,8.467877634413658e-28,True,0.1437344685434152
dni_max_w0,0.20769868256405752,2.6704033867197764e-27,True,0.19130246619487767
dhi_max_l1,0.21520053332869313,5.4638495621567074e-27,True,0.10536449032532946
dhi_mean_l2,0.22433681068602013,7.985028969493348e-27,True,0.18249672581530607
dni_mean_w0,0.20383548709538837,2.4684415806648484e-26,True,0.24209094439223655
solar_rad_std_w0,0.19431849075021457,4.890149394179973e-24,True,0.20619157850247638
temp_mean_w0,0.19379487059099468,6.491006581069537e-24,True,0.22550640420556944
ghi_min_l2,0.21048748340063075,9.688686923073992e-24,True,0.16668686783603026
dni_min_w0,0.19241186200496388,1.3660586342969687e-23,True,0.1459826983596635
vpd_min_l2,-0.20959742612427626,1.50393054261373e-23,True,0.2074870187725888
ghi_mean_l1,0.1972148681990155,7.610367644647036e-23,True,0.22913517162052455
dhi_min_l2,0.20611946324509037,8.224683252913855e-23,True,0.1751268985654133
temp_max_w0,0.1790348258876236,1.3661815479479937e-20,True,0.18769121721640447
temp_max_l2,0.1938950273661062,2.537814327814887e-20,True,0.18728309706167678
dni_mean_l2,0.1935272766241017,2.998132298120815e-20,True,0.1678571156235198
temp_mean_l2,0.1911754648524334,8.637222231317122e-20,True,0.171601330326135
dni_max_l2,0.18936255745853853,1.9344785234370266e-19,True,0.1710111669386951
dni_min_l2,0.18093677014609136,7.383363565225789e-18,True,0.1161263911535999
wind_spd_mean_w0,0.1643784678379703,1.458969595851958e-17,True,0.19030506420530435
dewpt_mean_l2,0.17898907634330302,1.671806829515025e-17,True,0.1969405432819138
dewpt_min_l2,0.17898907634330302,1.671806829515025e-17,True,0.1784156537128203
dewpt_std_l1,0.1707354633239279,1.944959506572893e-17,True,0.15931875227759362
temp_min_w0,0.16340148344966335,2.2721149420169265e-17,True,0.14650889484107865
dewpt_max_l2,0.17763988843723505,2.928930402872062e-17,True,0.185459981364398
dni_max_l1,0.16715312842700455,9.084926219377484e-17,True,0.1267324824599898
wind_spd_mean_l2,0.17309421883364076,1.875512646549228e-16,True,0.1502938978722761
rh_max_l2,0.17139328994057315,3.709442574622373e-16,True,0.18794708907478763
wind_spd_mean_l1,0.1636992037507106,3.8895227025502135e-16,True,0.19225932622223962
wind_spd_min_w0,0.1566351172804689,4.534601149469812e-16,True,0.18518059339039206
ghi_min_l1,0.16026932556250134,1.5983869016746122e-15,True,0.16206626958264403
wind_spd_max_w0,0.1536914390215838,1.6017556446060364e-15,True,0.1769100298161952
dhi_mean_l1,0.1593727473331095,2.301088050030042e-15,True,0.20522753619182343
vpd_max_l2,-0.16591373547168833,3.1841291045670338e-15,True,0.18456567291717474
wind_spd_min_l2,0.1644885720923767,5.5045525982895076e-15,True,0.13537906372235153
wind_spd_max_l2,0.1644885720923767,5.5045525982895076e-15,True,0.13301225952628815
rh_mean_l2,0.16358965522988184,7.755131952321838e-15,True,0.19480016867633032
dni_min_l1,0.15623353819954217,8.107326085810334e-15,True,0.1475847053250694
wind_spd_max_l1,0.1552488383157953,1.197171167443531e-14,True,0.17030380242447984
wind_spd_min_l1,0.1552488383157953,1.197171167443531e-14,True,0.1865612513284145
dni_mean_l1,0.15482274877739874,1.4160123375658477e-14,True,0.18451761537574818
rh_mean_l1,0.15367900741847013,2.2170307565379605e-14,True,0.21250143191173554
temp_min_l2,0.15958156067295562,3.4930627028373184e-14,True,0.12243390859953096
dhi_min_l1,0.15244409429855685,3.583849781858982e-14,True,0.12947342725837574
vpd_mean_l2,-0.1585789185659691,5.059692185103253e-14,True,0.18923763678067007
rh_max_l1,0.14755062688060575,2.312543826590495e-13,True,0.15874503670744877
pres_min_l2,-0.1541269988236556,2.5478158116454625e-13,True,0.139124293000791
rh_min_l2,0.13917923554627296,4.127502804447897e-11,True,0.1887602878035406
pres_max_l2,-0.13295031057572812,2.9504791845441077e-10,True,0.15647934173387146
wind_spd_std_l2,-0.13138690611883652,4.766476602635519e-10,True,0.09827115682383658
pres_mean_l2,-0.13115389343803757,5.117229321630477e-10,True,0.18398998094382146
rh_min_l1,0.12522022620599813,5.281117542037658e-10,True,0.16342373911768138
vpd_min_l1,-0.12324141189095676,9.86301434150175e-10,True,0.2057176538928025
solar_rad_std_l1,0.12261239168404914,1.200478533932368e-09,True,0.1676772510760216
solar_rad_min_l2,0.12490538388313066,3.2797477664592974e-09,True,0.18648484419897948
vpd_std_w0,0.11266207546699161,5.7010781917853315e-09,True,0.23500906120037102
fruit_id,0.11068204407058739,1.0510435054419833e-08,True,0.01047729359369498
dni_std_w0,-0.10458493018288749,6.471220054959296e-08,True,0.2277171315309754
pres_min_l1,-0.108108980634348,8.487671205830483e-08,True,0.11383807195645268
vpd_std_l1,0.10492020419104633,2.0192408820111866e-07,True,0.20036108119484708
solar_rad_mean_l2,0.1037544478288686,9.154640647131821e-07,True,0.1793808907162442
temp_range_l1,0.09701409815399491,1.5555095361203511e-06,True,0.07233820051869588
pres_mean_l1,-0.09224542232657743,4.952399445568048e-06,True,0.17243538382021417
ghi_std_w0,-0.08711187880884809,6.8464200705718476e-06,True,0.22004328267347795
pres_max_l1,-0.08879069000654523,1.1073772979440511e-05,True,0.1298800380943388
vpd_mean_l1,-0.08576073500770283,2.190584441222083e-05,True,0.19467977412180182
temp_std_l1,0.08557934879363963,2.2803043408842423e-05,True,0.1569945480486059
vpd_max_l1,-0.08320119194606822,3.8317550270530184e-05,True,0.19932786508832856
solar_rad_max_l2,0.07851247371732364,0.000206929890020509,True,0.18486118622812864
rh_mean_w0,0.06685515545275056,0.0005612975008711312,True,0.22541025271197945
pres_max_w0,0.06552870599494423,0.0007220535116264132,True,0.13312955518370417
rh_std_l2,0.07124719339060381,0.0007622957556188386,True,0.15731316841434873
solar_rad_mean_l1,-0.06162883319562637,0.0023079294060790634,True,0.19943454708587582
rh_max_w0,0.05819965281053092,0.002680117938339144,True,0.169061518245347
pres_mean_w0,0.054354455113967595,0.005054042923789183,True,0.19637805878496595
solar_rad_std_l2,-0.059182688661063285,0.0051894452812418215,True,0.1479466542801844
dewpt_std_w0,0.042536031788488415,0.028281973621589487,True,0.171180943186638
wind_spd_std_w0,-0.041948047738802084,0.03054066451897047,True,0.09419303328527184
pres_min_w0,0.04143285519462263,0.032645328783801816,True,0.14631269241939115
wind_spd_std_l1,0.041887984455431515,0.038430397961484224,True,0.06325137007487203
rh_min_w0,0.03859612029936364,0.04658723453617822,False,0.17071971281859066
vpd_std_l2,0.04158724435912471,0.04962563056131111,False,0.14922844057768847
solar_rad_max_l1,-0.03738744624005986,0.0646546137305384,False,0.19548164334439777
solar_rad_min_l1,-0.03628300557618616,0.07296936439445802,False,0.18225209504694218
dhi_std_l2,0.03763626360707368,0.0756461399159225,False,0.12413872396577186
vpd_mean_w0,0.02999936529084527,0.12197113556145038,False,0.22651756919000365
dni_std_l2,-0.03173546250644937,0.13417468054883716,False,0.14759012683171724
rh_std_w0,0.028466682544290696,0.14223854834667166,False,0.18057323733559572
rh_std_l1,0.02956433381800912,0.14405954727111578,False,0.20169505433858936
ghi_std_l1,-0.024779051516684754,0.2208359692483194,False,0.19367027833963824
solar_rad_max_w0,0.023177809323106605,0.23217547203381414,False,0.25428096430310543
vpd_max_w0,0.022231723205677425,0.2517983203647794,False,0.2539126316864795
dhi_std_w0,-0.02194755490170293,0.25791176569515223,False,0.20679470885156315
dewpt_std_l2,0.023003786100180158,0.277657869153646,False,0.12203349763214355
dni_std_l1,-0.02055052364359442,0.3099474929718934,False,0.17746780907660398
ghi_std_l2,-0.019390338877262957,0.3601733909507703,False,0.15266464026601922
temp_std_l2,-0.018975288124600014,0.3705493436424825,False,0.13947685886099292
tree_id,-0.01660604326392669,0.3920225721057714,False,0.00814424890694121
temp_range_w0,0.014615969881007251,0.45123028522062647,False,0.04830079191749892
solar_rad_min_w0,-0.010135572740826108,0.6013824818669105,False,0.23966087139591208
solar_rad_mean_w0,-0.009052046031115077,0.6408123565010782,False,0.25128874861825024
dhi_std_l1,0.0070528832007238276,0.7275197079560337,False,0.1502283516218934
vpd_min_w0,-0.004637742419491971,0.8110774284369411,False,0.23536604955931728
temp_range_l2,0.004965752937902016,0.8147408398563646,False,0.04755696904355733
temp_std_w0,-0.004004633787578828,0.8364748442892503,False,0.17964642218969673
